[{"dload_speed":1000,"total_charge":104.99,"tech":"FTTH"},{"dload_speed":5,"total_charge":39.99,"tech":"DSL"},{"dload_speed":15,"total_charge":89.95,"tech":"Cable"},{"dload_speed":25,"total_charge":64.95,"tech":"Cable"},{"dload_speed":25,"total_charge":69.95,"tech":"Cable"},{"dload_speed":75,"total_charge":79.95,"tech":"Cable"},{"dload_speed":5,"total_charge":52.99,"tech":"FTTH"},{"dload_speed":10,"total_charge":57.98,"tech":"FTTH"},{"dload_speed":15,"total_charge":52.99,"tech":"Cable"},{"dload_speed":300,"total_charge":99.99,"tech":"Cable"},{"dload_speed":10,"total_charge":499.95,"tech":"Fixed wireless"},{"dload_speed":6,"total_charge":299.95,"tech":"Fixed wireless"},{"dload_speed":10,"total_charge":499.95,"tech":"Fixed wireless"},{"dload_speed":12,"total_charge":44.99,"tech":"DSL"},{"dload_speed":5,"total_charge":46.07,"tech":"Fixed wireless"},{"dload_speed":12,"total_charge":89.95,"tech":"Fixed wireless"},{"dload_speed":24,"total_charge":54.99,"tech":"DSL"},{"dload_speed":100,"total_charge":84.99,"tech":"Cable"},{"dload_speed":100,"total_charge":50,"tech":"FTTH"},{"dload_speed":100,"total_charge":50,"tech":"FTTH"},{"dload_speed":400,"total_charge":64.99,"tech":"Cable"},{"dload_speed":25,"total_charge":189.95,"tech":"Fixed wireless"},{"dload_speed":15,"total_charge":54.95,"tech":"DSL"},{"dload_speed":6.144,"total_charge":150,"tech":"Fixed wireless"},{"dload_speed":17,"total_charge":409,"tech":"Fixed wireless"},{"dload_speed":50,"total_charge":84.99,"tech":"FTTH"},{"dload_speed":300,"total_charge":204.99,"tech":"FTTH"},{"dload_speed":4,"total_charge":180,"tech":"Fixed wireless"},{"dload_speed":100,"total_charge":59.95,"tech":"FTTH"},{"dload_speed":10,"total_charge":29.99,"tech":"Cable"},{"dload_speed":3,"total_charge":43.68,"tech":"FTTH"},{"dload_speed":12,"total_charge":48.68,"tech":"DSL"},{"dload_speed":12,"total_charge":48.68,"tech":"FTTH"},{"dload_speed":12,"total_charge":48.68,"tech":"DSL"},{"dload_speed":6,"total_charge":43.18,"tech":"Cable"},{"dload_speed":6,"total_charge":48.2,"tech":"Cable"},{"dload_speed":20,"total_charge":68.29,"tech":"Cable"},{"dload_speed":50,"total_charge":108.46,"tech":"Cable"},{"dload_speed":100,"total_charge":68.29,"tech":"Cable"},{"dload_speed":2,"total_charge":9.99,"tech":"Cable"},{"dload_speed":3,"total_charge":64.99,"tech":"FTTH"},{"dload_speed":3,"total_charge":64.99,"tech":"FTTH"},{"dload_speed":150,"total_charge":114.99,"tech":"FTTH"},{"dload_speed":5,"total_charge":39.95,"tech":"Cable"},{"dload_speed":50,"total_charge":134.95,"tech":"Cable"},{"dload_speed":12,"total_charge":45.78,"tech":"FTTH"},{"dload_speed":7,"total_charge":89.95,"tech":"DSL"},{"dload_speed":7,"total_charge":34.95,"tech":"DSL"},{"dload_speed":4,"total_charge":105,"tech":"Fixed wireless"},{"dload_speed":6,"total_charge":59,"tech":"DSL"},{"dload_speed":6,"total_charge":50,"tech":"FTTH"},{"dload_speed":12,"total_charge":60,"tech":"DSL"},{"dload_speed":45,"total_charge":70,"tech":"DSL"},{"dload_speed":0.768,"total_charge":50,"tech":"DSL"},{"dload_speed":0.768,"total_charge":50,"tech":"DSL"},{"dload_speed":24,"total_charge":60,"tech":"FTTH"},{"dload_speed":0.768,"total_charge":50,"tech":"DSL"},{"dload_speed":25,"total_charge":54.24,"tech":"Cable"},{"dload_speed":10,"total_charge":99,"tech":"Fixed wireless"},{"dload_speed":15,"total_charge":130,"tech":"Fixed wireless"},{"dload_speed":1,"total_charge":32.99,"tech":"Cable"},{"dload_speed":5,"total_charge":47.99,"tech":"Cable"},{"dload_speed":5,"total_charge":46.99,"tech":"Cable"},{"dload_speed":5,"total_charge":46.99,"tech":"Cable"},{"dload_speed":101,"total_charge":114.95,"tech":"Cable"},{"dload_speed":24,"total_charge":64.99,"tech":"DSL"},{"dload_speed":12,"total_charge":54.99,"tech":"DSL"},{"dload_speed":6,"total_charge":39.99,"tech":"DSL"},{"dload_speed":6,"total_charge":39.99,"tech":"DSL"},{"dload_speed":6,"total_charge":49.99,"tech":"DSL"},{"dload_speed":1000,"total_charge":70,"tech":"FTTH"},{"dload_speed":3,"total_charge":35.95,"tech":"Cable"},{"dload_speed":7,"total_charge":49.99,"tech":"Cable"},{"dload_speed":75,"total_charge":114.99,"tech":"Cable"},{"dload_speed":150,"total_charge":94.95,"tech":"Cable"},{"dload_speed":150,"total_charge":114.99,"tech":"Cable"},{"dload_speed":6,"total_charge":51,"tech":"Other"},{"dload_speed":6,"total_charge":54,"tech":"DSL"},{"dload_speed":6,"total_charge":54,"tech":"DSL"},{"dload_speed":3,"total_charge":49,"tech":"DSL"},{"dload_speed":5,"total_charge":35,"tech":"Fixed wireless"},{"dload_speed":2,"total_charge":89.95,"tech":"Fixed wireless"},{"dload_speed":1,"total_charge":22.92,"tech":"DSL"},{"dload_speed":1.5,"total_charge":61.49,"tech":"DSL"},{"dload_speed":30,"total_charge":139,"tech":"DSL"},{"dload_speed":7,"total_charge":39.95,"tech":"Cable"},{"dload_speed":20,"total_charge":19.98,"tech":"DSL"},{"dload_speed":3,"total_charge":46,"tech":"Cable"},{"dload_speed":50,"total_charge":70,"tech":"Cable"},{"dload_speed":3,"total_charge":9.99,"tech":"Cable"},{"dload_speed":3,"total_charge":14.99,"tech":"Cable"},{"dload_speed":10,"total_charge":47.99,"tech":"Cable"},{"dload_speed":2,"total_charge":9.99,"tech":"Cable"},{"dload_speed":2,"total_charge":6.99,"tech":"Cable"},{"dload_speed":2,"total_charge":14.99,"tech":"Cable"},{"dload_speed":150,"total_charge":78.95,"tech":"Cable"},{"dload_speed":150,"total_charge":129.95,"tech":"Cable"},{"dload_speed":250,"total_charge":149.95,"tech":"Cable"},{"dload_speed":6,"total_charge":49.95,"tech":"Cable"},{"dload_speed":105,"total_charge":114.95,"tech":"Cable"},{"dload_speed":20,"total_charge":77.94,"tech":"DSL"},{"dload_speed":10,"total_charge":67.94,"tech":"DSL"},{"dload_speed":1.5,"total_charge":57.94,"tech":"DSL"},{"dload_speed":140,"total_charge":104.99,"tech":"DSL"},{"dload_speed":40,"total_charge":76.99,"tech":"DSL"},{"dload_speed":20,"total_charge":71.99,"tech":"DSL"},{"dload_speed":30,"total_charge":14.99,"tech":"Cable"},{"dload_speed":100,"total_charge":104.99,"tech":"Cable"},{"dload_speed":30,"total_charge":14.99,"tech":"Cable"},{"dload_speed":3,"total_charge":14.99,"tech":"Cable"},{"dload_speed":100,"total_charge":64.99,"tech":"Cable"},{"dload_speed":1000,"total_charge":154.99,"tech":"Cable"},{"dload_speed":1000,"total_charge":154.99,"tech":"Cable"},{"dload_speed":30,"total_charge":149.95,"tech":"Fixed wireless"},{"dload_speed":100,"total_charge":59.9,"tech":"FTTH"},{"dload_speed":75,"total_charge":72.95,"tech":"Cable"},{"dload_speed":75,"total_charge":55.95,"tech":"Cable"},{"dload_speed":120,"total_charge":75.95,"tech":"Cable"},{"dload_speed":25,"total_charge":14.95,"tech":"Cable"},{"dload_speed":15,"total_charge":27.41,"tech":"DSL"},{"dload_speed":20,"total_charge":74.96,"tech":"DSL"},{"dload_speed":15,"total_charge":29.95,"tech":"Cable"},{"dload_speed":8,"total_charge":95,"tech":"DSL"},{"dload_speed":25,"total_charge":84.99,"tech":"Cable"},{"dload_speed":1000,"total_charge":152.98,"tech":"Cable"},{"dload_speed":330,"total_charge":252.98,"tech":"Cable"},{"dload_speed":10,"total_charge":72.99,"tech":"Cable"},{"dload_speed":155,"total_charge":133.99,"tech":"Cable"},{"dload_speed":25,"total_charge":99.95,"tech":"Cable"},{"dload_speed":15,"total_charge":54.95,"tech":"DSL"},{"dload_speed":25,"total_charge":59.95,"tech":"DSL"},{"dload_speed":50,"total_charge":59.95,"tech":"DSL"},{"dload_speed":21,"total_charge":509,"tech":"Fixed wireless"},{"dload_speed":940,"total_charge":134.99,"tech":"FTTH"},{"dload_speed":50,"total_charge":84.99,"tech":"FTTH"},{"dload_speed":3,"total_charge":43.68,"tech":"FTTH"},{"dload_speed":1.5,"total_charge":43.68,"tech":"FTTH"},{"dload_speed":1.5,"total_charge":43.68,"tech":"FTTH"},{"dload_speed":12,"total_charge":48.68,"tech":"DSL"},{"dload_speed":6,"total_charge":45.68,"tech":"DSL"},{"dload_speed":1000,"total_charge":120.73,"tech":"FTTH"},{"dload_speed":5,"total_charge":60,"tech":"Fixed wireless"},{"dload_speed":5,"total_charge":26,"tech":"FTTH"},{"dload_speed":5,"total_charge":29,"tech":"FTTH"},{"dload_speed":1000,"total_charge":89.99,"tech":"FTTH"},{"dload_speed":500,"total_charge":69.99,"tech":"Cable"},{"dload_speed":300,"total_charge":94.99,"tech":"FTTH"},{"dload_speed":10,"total_charge":54.99,"tech":"FTTH"},{"dload_speed":30,"total_charge":54.99,"tech":"FTTH"},{"dload_speed":5,"total_charge":41.99,"tech":"DSL"},{"dload_speed":100,"total_charge":84.95,"tech":"Cable"},{"dload_speed":200,"total_charge":94.95,"tech":"Cable"},{"dload_speed":100,"total_charge":99.09,"tech":"FTTH"},{"dload_speed":3,"total_charge":60.7,"tech":"DSL"},{"dload_speed":5,"total_charge":39.99,"tech":"Cable"},{"dload_speed":300,"total_charge":99.99,"tech":"Cable"},{"dload_speed":300,"total_charge":99.99,"tech":"Cable"},{"dload_speed":15,"total_charge":41.95,"tech":"Cable"},{"dload_speed":20,"total_charge":69.99,"tech":"Cable"},{"dload_speed":6,"total_charge":74.95,"tech":"Fixed wireless"},{"dload_speed":5,"total_charge":39.95,"tech":"Cable"},{"dload_speed":100,"total_charge":71.35,"tech":"Cable"},{"dload_speed":2,"total_charge":39,"tech":"DSL"},{"dload_speed":50,"total_charge":70,"tech":"DSL"},{"dload_speed":200,"total_charge":85.6,"tech":"Cable"},{"dload_speed":10,"total_charge":49.95,"tech":"Cable"},{"dload_speed":100,"total_charge":109.99,"tech":"Cable"},{"dload_speed":40,"total_charge":69.99,"tech":"Cable"},{"dload_speed":150,"total_charge":114.99,"tech":"Cable"},{"dload_speed":0.768,"total_charge":40.96,"tech":"DSL"},{"dload_speed":30,"total_charge":14.99,"tech":"Cable"},{"dload_speed":3.5,"total_charge":33.01,"tech":"Cable"},{"dload_speed":40,"total_charge":80.99,"tech":"DSL"},{"dload_speed":18,"total_charge":61,"tech":"Other"},{"dload_speed":6,"total_charge":51,"tech":"Other"},{"dload_speed":3,"total_charge":49,"tech":"DSL"},{"dload_speed":12,"total_charge":56,"tech":"Other"},{"dload_speed":45,"total_charge":81,"tech":"Other"},{"dload_speed":6,"total_charge":54,"tech":"DSL"},{"dload_speed":0.75,"total_charge":36,"tech":"DSL"},{"dload_speed":6,"total_charge":54,"tech":"DSL"},{"dload_speed":12,"total_charge":59.07,"tech":"Cable"},{"dload_speed":1.5,"total_charge":41.07,"tech":"FTTH"},{"dload_speed":35,"total_charge":87.07,"tech":"FTTH"},{"dload_speed":30,"total_charge":69.99,"tech":"Cable"},{"dload_speed":1,"total_charge":32.99,"tech":"Cable"},{"dload_speed":150,"total_charge":99.99,"tech":"Cable"},{"dload_speed":50,"total_charge":62.99,"tech":"Cable"},{"dload_speed":5,"total_charge":24.95,"tech":"Cable"},{"dload_speed":75,"total_charge":79.95,"tech":"Cable"},{"dload_speed":3,"total_charge":69,"tech":"Fixed wireless"},{"dload_speed":24,"total_charge":59.99,"tech":"DSL"},{"dload_speed":24,"total_charge":64.99,"tech":"DSL"},{"dload_speed":5,"total_charge":0,"tech":"FTTH"},{"dload_speed":11,"total_charge":52.94,"tech":"FTTH"},{"dload_speed":11,"total_charge":52.94,"tech":"FTTH"},{"dload_speed":20,"total_charge":70.94,"tech":"FTTH"},{"dload_speed":15,"total_charge":64.99,"tech":"Cable"},{"dload_speed":100,"total_charge":149.99,"tech":"Cable"},{"dload_speed":60,"total_charge":89,"tech":"Cable"}]
